country,year,net,totalNet
India,1977,-3197135157,-1.3398E+11
India,1983,-2653699004,-1.3398E+11
India,1985,-1837835819,-1.3398E+11
India,1987,-4191375895,-1.3398E+11
India,1998,-2478951563,-1.3398E+11
India,1978,-2927325215,-1.3398E+11
India,1976,-2233586413,-1.3398E+11
India,1989,-3091093501,-1.3398E+11
India,1986,-3003947484,-1.3398E+11
India,1982,-2822105457,-1.3398E+11
India,1981,-3706661088,-1.3398E+11
India,2001,-2198367696,-1.3398E+11
India,1997,-4794906726,-1.3398E+11
India,1990,-2036236423,-1.3398E+11
India,1991,-3660869551,-1.3398E+11
India,1992,-5341953099,-1.3398E+11
India,1993,-1327287513,-1.3398E+11
India,1994,-4096778597,-1.3398E+11
India,1995,-2704173002,-1.3398E+11
India,1996,-4151165519,-1.3398E+11
India,1984,-4584531386,-1.3398E+11
India,1999,-1932216592,-1.3398E+11
India,1980,-2968245303,-1.3398E+11
India,2000,-1141656334,-1.3398E+11
India,1988,-3844238228,-1.3398E+11
India,2005,-3340560624,-1.3398E+11
India,2009,-3706828324,-1.3398E+11
India,2006,-4144135136,-1.3398E+11
India,2007,-5386224705,-1.3398E+11
India,2008,-5044559917,-1.3398E+11
India,2004,-2884182630,-1.3398E+11
India,2003,-2616814261,-1.3398E+11
India,2002,-2324315788,-1.3398E+11
India,1975,-3000656166,-1.3398E+11
India,1979,-1622748901,-1.3398E+11
India,1974,-3697747278,-1.3398E+11
India,1973,-2285256534,-1.3398E+11
India,2010,-3826639675,-1.3398E+11
India,2011,-3652445742,-1.3398E+11
India,2012,-4970365576,-1.3398E+11
India,2013,-4550646147,-1.3398E+11
Thailand,2007,-246616632,-49041291979
Thailand,2010,-560932861,-49041291979
Thailand,1976,-110042103,-49041291979
Thailand,1982,-1595007194,-49041291979
Thailand,1981,-1178204797,-49041291979
Thailand,1979,-1283439829,-49041291979
Thailand,1977,-715883953,-49041291979
Thailand,2002,-1205361664,-49041291979
Thailand,1990,-1790643316,-49041291979
Thailand,2001,-532323112,-49041291979
Thailand,2000,-1792837766,-49041291979
Thailand,1980,-902852253,-49041291979
Thailand,1984,-1135099078,-49041291979
Thailand,1987,-1016033769,-49041291979
Thailand,1989,-626032718,-49041291979
Thailand,1991,-1898189675,-49041291979
Thailand,1992,-1014335727,-49041291979
Thailand,1993,-3338548445,-49041291979
Thailand,1994,-1416098158,-49041291979
Thailand,1996,-1671334558,-49041291979
Thailand,1997,-6371021429,-49041291979
Thailand,1983,-1165432587,-49041291979
Thailand,1985,-1151123605,-49041291979
Thailand,1986,-762121484,-49041291979
Thailand,1988,-1297612686,-49041291979
Thailand,1998,-2437534353,-49041291979
Thailand,1995,-792655526,-49041291979
Thailand,1978,-859278853,-49041291979
Thailand,2009,-1038513059,-49041291979
Thailand,2006,-475487975,-49041291979
Thailand,2008,-938244893,-49041291979
Thailand,2004,-722232350,-49041291979
Thailand,2005,-750726362,-49041291979
Thailand,2003,-289796785,-49041291979
Thailand,1999,-3761639876,-49041291979
Thailand,1973,-206363405,-49041291979
Thailand,1974,-867668418,-49041291979
Thailand,1975,-333639956,-49041291979
Thailand,2011,-196842375,-49041291979
Thailand,2012,-333622409,-49041291979
Thailand,2013,-259915985,-49041291979
Brazil,2008,-575721347,-36606123638
Brazil,2007,-424545761,-36606123638
Brazil,2010,-1058295902,-36606123638
Brazil,1977,-501438883,-36606123638
Brazil,1989,-470795753,-36606123638
Brazil,1990,-546410160,-36606123638
Brazil,1980,-397591374,-36606123638
Brazil,1981,-1019510084,-36606123638
Brazil,1982,-577695039,-36606123638
Brazil,1983,-129429939,-36606123638
Brazil,1984,-643593148,-36606123638
Brazil,1985,-1150188786,-36606123638
Brazil,1986,-398238987,-36606123638
Brazil,1987,-688641987,-36606123638
Brazil,1988,-319508348,-36606123638
Brazil,1991,-1398521154,-36606123638
Brazil,1993,-726672442,-36606123638
Brazil,1994,-2807702721,-36606123638
Brazil,1995,-2573830958,-36606123638
Brazil,1996,-1902899155,-36606123638
Brazil,1997,-2033092975,-36606123638
Brazil,2002,-1545038937,-36606123638
Brazil,2001,-1574635711,-36606123638
Brazil,1998,-1758374210,-36606123638
Brazil,2000,-1106359401,-36606123638
Brazil,1999,-1319316622,-36606123638
Brazil,1992,-269771857,-36606123638
Brazil,2006,-473262403,-36606123638
Brazil,2009,-783901399,-36606123638
Brazil,2004,-646604536,-36606123638
Brazil,2005,-723697976,-36606123638
Brazil,2003,-779392718,-36606123638
Brazil,1979,-167462062,-36606123638
Brazil,1973,-312075045,-36606123638
Brazil,1976,-83580485,-36606123638
Brazil,1978,-151531351,-36606123638
Brazil,1975,-100725686,-36606123638
Brazil,1974,-306601048,-36606123638
Brazil,2011,-1013210831,-36606123638
Brazil,2012,-2443208137,-36606123638
Brazil,2013,-703048320,-36606123638
Colombia,2007,-800215525,-25530345512
Colombia,2008,-1190047400,-25530345512
Colombia,2010,-1128335815,-25530345512
Colombia,1982,-1228919949,-25530345512
Colombia,1990,-539309295,-25530345512
Colombia,1992,-492185858,-25530345512
Colombia,1993,-648542403,-25530345512
Colombia,1994,-303016912,-25530345512
Colombia,1995,-586866583,-25530345512
Colombia,1996,-1052281529,-25530345512
Colombia,1980,-257368296,-25530345512
Colombia,1981,-176100059,-25530345512
Colombia,1983,-110714529,-25530345512
Colombia,1984,-204495135,-25530345512
Colombia,1985,-835091486,-25530345512
Colombia,1988,-234020126,-25530345512
Colombia,1989,-200318505,-25530345512
Colombia,2000,-1899134643,-25530345512
Colombia,1986,-310212012,-25530345512
Colombia,1987,-74058995,-25530345512
Colombia,1991,-484986642,-25530345512
Colombia,1998,-407763235,-25530345512
Colombia,1999,-881928095,-25530345512
Colombia,2001,-585022135,-25530345512
Colombia,2002,-835264836,-25530345512
Colombia,2006,-1617817757,-25530345512
Colombia,2003,-1086177861,-25530345512
Colombia,2005,-1056910201,-25530345512
Colombia,2004,-951773147,-25530345512
Colombia,2009,-1279008966,-25530345512
Colombia,1997,-94226174,-25530345512
Colombia,1977,-67799905,-25530345512
Colombia,1973,-549944785,-25530345512
Colombia,1974,-203545814,-25530345512
Colombia,1976,-143082677,-25530345512
Colombia,1978,-54438681,-25530345512
Colombia,1979,-15388003,-25530345512
Colombia,1975,-145779156,-25530345512
Colombia,2011,-749156157,-25530345512
Colombia,2012,-1009768225,-25530345512
Colombia,2013,-1039328005,-25530345512
Poland,2013,403184,-24516822004
Poland,2001,-670468736,-24516822004
Poland,1993,-367250867,-24516822004
Poland,1980,-75000451,-24516822004
Poland,1992,-9141850218,-24516822004
Poland,1994,-431842731,-24516822004
Poland,1995,-3376022477,-24516822004
Poland,1996,-359200576,-24516822004
Poland,1997,-309290589,-24516822004
Poland,1990,-3069497876,-24516822004
Poland,1991,-326279481,-24516822004
Poland,1981,-35410,-24516822004
Poland,1982,-70326,-24516822004
Poland,2004,-428513747,-24516822004
Poland,2000,-632761107,-24516822004
Poland,2003,-492707038,-24516822004
Poland,2007,-54102,-24516822004
Poland,1983,-63282,-24516822004
Poland,1999,-377114427,-24516822004
Poland,2002,-479506516,-24516822004
Poland,1998,-338026840,-24516822004
Poland,1989,-2608739881,-24516822004
Poland,1985,-1014259163,-24516822004
Poland,1988,-11464751,-24516822004
Poland,1986,-7204596,-24516822004
Korea,2009,168844005,-23995275733
Korea,2006,331823583,-23995275733
Korea,2007,305841026,-23995275733
Korea,2008,57406444,-23995275733
Korea,2010,9946450,-23995275733
Korea,2011,11082508,-23995275733
Korea,2012,16780372,-23995275733
Korea,2013,397323332,-23995275733
Korea,1984,-891180603,-23995275733
Korea,2002,-657470006,-23995275733
Korea,2001,-864874549,-23995275733
Korea,2000,-444810035,-23995275733
Korea,1999,-5783774361,-23995275733
Korea,1980,-2625763424,-23995275733
Korea,1981,-1656173571,-23995275733
Korea,1983,-665624126,-23995275733
Korea,1985,-907605958,-23995275733
Korea,1996,-369583888,-23995275733
Korea,1997,-1019452888,-23995275733
Korea,1994,-1076359694,-23995275733
Korea,1988,-438174916,-23995275733
Korea,1989,-233488453,-23995275733
Korea,1990,-1095572646,-23995275733
Korea,1991,-39850875,-23995275733
Korea,1987,-482793059,-23995275733
Korea,1982,-216083049,-23995275733
Korea,1986,-119590826,-23995275733
Korea,1998,-10793650,-23995275733
Korea,1995,-3947605,-23995275733
Korea,2003,-117959852,-23995275733
Korea,2004,-142941011,-23995275733
Korea,1973,-1363706959,-23995275733
Korea,1978,-801254989,-23995275733
Korea,1975,-299226023,-23995275733
Korea,1977,-418471898,-23995275733
Korea,1979,-146708076,-23995275733
Korea,1974,-1455639048,-23995275733
Korea,1976,-938952566,-23995275733
Korea,1993,-3157283,-23995275733
Korea,1992,-3337566,-23995275733
South Africa,2008,-1148281785,-18655555070
South Africa,2001,-935444476,-18655555070
South Africa,1999,-669943614,-18655555070
South Africa,1993,-541955585,-18655555070
South Africa,1994,-516230795,-18655555070
South Africa,1995,-626257607,-18655555070
South Africa,1996,-974078843,-18655555070
South Africa,2000,-737221627,-18655555070
South Africa,2007,-1070653291,-18655555070
South Africa,2006,-853103554,-18655555070
South Africa,2009,-1281799284,-18655555070
South Africa,1998,-666789364,-18655555070
South Africa,2004,-540700003,-18655555070
South Africa,2005,-927379768,-18655555070
South Africa,2003,-608581390,-18655555070
South Africa,2002,-644990736,-18655555070
South Africa,1997,-694290770,-18655555070
South Africa,1992,-234490451,-18655555070
South Africa,1987,-105825534,-18655555070
South Africa,1990,-271828896,-18655555070
South Africa,1991,-64650922,-18655555070
South Africa,1989,-320399942,-18655555070
South Africa,1988,-110849,-18655555070
South Africa,2010,-971208512,-18655555070
South Africa,2011,-943390545,-18655555070
South Africa,2012,-955734671,-18655555070
South Africa,2013,-1350212256,-18655555070
Chile,2002,-118741127,-7333564781
Chile,2006,-53778696,-7333564781
Chile,2003,-74552155,-7333564781
Chile,2005,-73365918,-7333564781
Chile,2004,-85966757,-7333564781
Chile,2007,-114884127,-7333564781
Chile,2008,-275373194,-7333564781
Chile,2009,-136769922,-7333564781
Chile,2010,-119998320,-7333564781
Chile,1989,-152229260,-7333564781
Chile,1984,-314012953,-7333564781
Chile,1985,-624811340,-7333564781
Chile,1986,-123522992,-7333564781
Chile,1988,-73331550,-7333564781
Chile,1993,-246885634,-7333564781
Chile,1995,-326285394,-7333564781
Chile,2001,-290131143,-7333564781
Chile,1999,-312658747,-7333564781
Chile,1987,-62625327,-7333564781
Chile,1990,-260281186,-7333564781
Chile,1991,-575859750,-7333564781
Chile,1992,-686092378,-7333564781
Chile,1994,-98616016,-7333564781
Chile,1997,-180051006,-7333564781
Chile,2000,-143596162,-7333564781
Chile,1996,-66195930,-7333564781
Chile,1998,-279286896,-7333564781
Chile,1982,-25718071,-7333564781
Chile,1977,-2568149,-7333564781
Chile,1976,-155551297,-7333564781
Chile,1979,-49451759,-7333564781
Chile,1980,-17218386,-7333564781
Chile,1973,-88056078,-7333564781
Chile,1981,-24802202,-7333564781
Chile,1975,-365408442,-7333564781
Chile,1974,-257689227,-7333564781
Chile,1983,-33869655,-7333564781
Chile,1978,-4418418,-7333564781
Chile,2011,-63814172,-7333564781
Chile,2012,-72801720,-7333564781
Chile,2013,-302293325,-7333564781
Kuwait,1993,25461230,-6402461757
Kuwait,1996,20769059,-6402461757
Kuwait,1998,373869,-6402461757
Kuwait,1978,103885863,-6402461757
Kuwait,1976,206494798,-6402461757
Kuwait,2001,-2824694,-6402461757
Kuwait,1992,-7400203071,-6402461757
Kuwait,1989,43493083,-6402461757
Kuwait,1988,13493275,-6402461757
Kuwait,1986,84167688,-6402461757
Kuwait,1984,27051193,-6402461757
Kuwait,1983,154970641,-6402461757
Kuwait,1982,181627819,-6402461757
Kuwait,1981,298485699,-6402461757
Kuwait,1979,59307807,-6402461757
Kuwait,1980,23153412,-6402461757
Kuwait,1977,86642765,-6402461757
Kuwait,1991,-10244282,-6402461757
Kuwait,1994,-6860796,-6402461757
Kuwait,1995,-302540263,-6402461757
Kuwait,2000,-959746,-6402461757
Kuwait,1997,-530951,-6402461757
Kuwait,2004,-2097489,-6402461757
Kuwait,2002,-3038480,-6402461757
Kuwait,1999,-868779,-6402461757
Kuwait,2003,-819946,-6402461757
Kuwait,1973,-325483,-6402461757
Kuwait,1990,-1568,-6402461757
Kuwait,1985,-524410,-6402461757
Romania,2005,-278521,-3329059861
Romania,2007,-97380,-3329059861
Romania,2008,-12192,-3329059861
Romania,2002,-277336395,-3329059861
Romania,2001,-636869083,-3329059861
Romania,2000,-223359836,-3329059861
Romania,1999,-222375326,-3329059861
Romania,1998,-339859562,-3329059861
Romania,1980,-44381441,-3329059861
Romania,1981,-262077414,-3329059861
Romania,1995,-189810215,-3329059861
Romania,1996,-240362515,-3329059861
Romania,1997,-168028130,-3329059861
Romania,1993,-92433527,-3329059861
Romania,1994,-47195859,-3329059861
Romania,2004,-198721214,-3329059861
Romania,1990,-299897,-3329059861
Romania,2003,-202807923,-3329059861
Romania,1992,-174756620,-3329059861
Romania,1989,-5092048,-3329059861
Romania,1991,-2904763,-3329059861
Taiwan,1994,42972980,-3315816912
Taiwan,1999,-573709935,-3315816912
Taiwan,2006,6324571,-3315816912
Taiwan,2008,348667,-3315816912
Taiwan,2010,287807,-3315816912
Taiwan,2007,375139,-3315816912
Taiwan,2009,312954,-3315816912
Taiwan,2011,282125,-3315816912
Taiwan,1984,-247894043,-3315816912
Taiwan,1981,-312886996,-3315816912
Taiwan,1982,-617069786,-3315816912
Taiwan,1980,-374058844,-3315816912
Taiwan,2002,-170259619,-3315816912
Taiwan,2000,-779075653,-3315816912
Taiwan,1983,-54105626,-3315816912
Taiwan,1985,-28782961,-3315816912
Taiwan,1988,-29459009,-3315816912
Taiwan,1989,-75026666,-3315816912
Taiwan,1986,-21795291,-3315816912
Taiwan,1987,-14965414,-3315816912
Taiwan,1996,-9333721,-3315816912
Taiwan,1995,-2561779,-3315816912
Taiwan,1998,-876129,-3315816912
Taiwan,2004,-17888290,-3315816912
Taiwan,2003,-15103689,-3315816912
Taiwan,1997,-2454079,-3315816912
Taiwan,2001,-13689330,-3315816912
Taiwan,1974,-115048,-3315816912
Taiwan,1991,-5446049,-3315816912
Taiwan,1977,-163198,-3315816912
Saudi Arabia,1977,540365522,-3179338414
Saudi Arabia,1983,-127373976,-3179338414
Saudi Arabia,1984,287513033,-3179338414
Saudi Arabia,1985,92545184,-3179338414
Saudi Arabia,1987,72707674,-3179338414
Saudi Arabia,1981,-278051399,-3179338414
Saudi Arabia,1978,250639787,-3179338414
Saudi Arabia,1980,-7954278,-3179338414
Saudi Arabia,1986,-520641,-3179338414
Saudi Arabia,2001,-5047242,-3179338414
Saudi Arabia,1999,-2722986716,-3179338414
Saudi Arabia,1982,-197083911,-3179338414
Saudi Arabia,1988,-42431775,-3179338414
Saudi Arabia,1991,-89458009,-3179338414
Saudi Arabia,1992,-148479604,-3179338414
Saudi Arabia,2000,-707503988,-3179338414
Saudi Arabia,2006,-14209342,-3179338414
Saudi Arabia,2007,-16462193,-3179338414
Saudi Arabia,2003,-8735630,-3179338414
Saudi Arabia,2005,-9206877,-3179338414
Saudi Arabia,2004,-12603354,-3179338414
Saudi Arabia,1996,-2409008,-3179338414
Saudi Arabia,2002,-2651835,-3179338414
Saudi Arabia,1998,-1348961,-3179338414
Saudi Arabia,1997,-2120366,-3179338414
Saudi Arabia,1995,-7397882,-3179338414
Saudi Arabia,1994,-5682814,-3179338414
Saudi Arabia,1979,-12014220,-3179338414
Saudi Arabia,1973,-65097,-3179338414
Saudi Arabia,2008,-348667,-3179338414
Saudi Arabia,2010,-352548,-3179338414
Saudi Arabia,2009,-327156,-3179338414
Saudi Arabia,2011,-282125,-3179338414
Hungary,2005,254145,-2925002939
Hungary,2007,-18986,-2925002939
Hungary,2008,67660,-2925002939
Hungary,1993,-322532354,-2925002939
Hungary,1985,-31296368,-2925002939
Hungary,1990,-315616677,-2925002939
Hungary,1991,-624227866,-2925002939
Hungary,1992,-179864578,-2925002939
Hungary,1994,-393976481,-2925002939
Hungary,1995,-330369147,-2925002939
Hungary,1996,-349275403,-2925002939
Hungary,1997,-53047029,-2925002939
Hungary,2000,-29607289,-2925002939
Hungary,2001,-71227382,-2925002939
Hungary,2004,-53861240,-2925002939
Hungary,2002,-46184177,-2925002939
Hungary,1998,-27853171,-2925002939
Hungary,2003,-68595560,-2925002939
Hungary,1999,-26274654,-2925002939
Hungary,1989,-1482250,-2925002939
Hungary,2010,-14132,-2925002939
Czech Republic,1996,-30399978,-2132982906
Czech Republic,2009,397563,-2132982906
Czech Republic,2008,230219,-2132982906
Czech Republic,2003,-45360370,-2132982906
Czech Republic,2005,73100,-2132982906
Czech Republic,2001,-64851437,-2132982906
Czech Republic,1997,-98402219,-2132982906
Czech Republic,2006,918070,-2132982906
Czech Republic,2002,-60314687,-2132982906
Czech Republic,2011,164099,-2132982906
Czech Republic,2012,165238,-2132982906
Czech Republic,2013,123152,-2132982906
Czech Republic,1993,-170159661,-2132982906
Czech Republic,1994,-487593167,-2132982906
Czech Republic,1992,-212986243,-2132982906
Czech Republic,2000,-145892164,-2132982906
Czech Republic,1999,-82522618,-2132982906
Czech Republic,1998,-120505911,-2132982906
Czech Republic,1991,-392264026,-2132982906
Czech Republic,1995,-182015721,-2132982906
Czech Republic,2004,-41237106,-2132982906
Czech Republic,1990,-549039,-2132982906
Cyprus,2005,5599,-968149348
Cyprus,1993,-42046495,-968149348
Cyprus,1992,-29261936,-968149348
Cyprus,1988,-60836704,-968149348
Cyprus,1986,-56716357,-968149348
Cyprus,1984,-79282641,-968149348
Cyprus,1983,-51405078,-968149348
Cyprus,1980,-87110643,-968149348
Cyprus,1977,-20945184,-968149348
Cyprus,1991,-24108788,-968149348
Cyprus,2007,-4469,-968149348
Cyprus,1996,-17809922,-968149348
Cyprus,1995,-1233692,-968149348
Cyprus,1999,-19380977,-968149348
Cyprus,2000,-5189473,-968149348
Cyprus,1998,-563689,-968149348
Cyprus,2003,-9421124,-968149348
Cyprus,2001,-26263860,-968149348
Cyprus,2004,-24632806,-968149348
Cyprus,1997,-9602634,-968149348
Cyprus,2002,-23150596,-968149348
Cyprus,1985,-39214175,-968149348
Cyprus,1987,-29088415,-968149348
Cyprus,1994,-46104382,-968149348
Cyprus,1990,-11768247,-968149348
Cyprus,1979,-15837039,-968149348
Cyprus,1982,-31348629,-968149348
Cyprus,1974,-16432279,-968149348
Cyprus,1981,-110234644,-968149348
Cyprus,1976,-31022257,-968149348
Cyprus,1973,-9613414,-968149348
Cyprus,1978,-46647,-968149348
Cyprus,1975,-5864941,-968149348
Cyprus,1989,-32612810,-968149348
Slovak Republic,2005,326093,-820800049
Slovak Republic,2009,14202,-820800049
Slovak Republic,2010,14132,-820800049
Slovak Republic,2013,41147,-820800049
Slovak Republic,2001,-52945385,-820800049
Slovak Republic,1995,-75586685,-820800049
Slovak Republic,1996,-120767538,-820800049
Slovak Republic,2000,-24767414,-820800049
Slovak Republic,2002,-35860783,-820800049
Slovak Republic,1998,-22763026,-820800049
Slovak Republic,2004,-33775543,-820800049
Slovak Republic,2003,-41479968,-820800049
Slovak Republic,1999,-132187615,-820800049
Slovak Republic,1997,-219387257,-820800049
Slovak Republic,1994,-52553361,-820800049
Slovak Republic,1993,-9121048,-820800049
Ireland,2009,21707708,-639494271
Ireland,2007,28202952,-639494271
Ireland,2008,34965187,-639494271
Ireland,2001,-161831447,-639494271
Ireland,2004,23980282,-639494271
Ireland,2003,27083746,-639494271
Ireland,2006,28942598,-639494271
Ireland,2000,-163369285,-639494271
Ireland,2002,-249268960,-639494271
Ireland,2005,28639372,-639494271
Ireland,2010,15971582,-639494271
Ireland,2011,16164777,-639494271
Ireland,2012,14021437,-639494271
Ireland,2013,11285184,-639494271
Ireland,1999,-174812788,-639494271
Ireland,1980,-30268231,-639494271
Ireland,1990,-46238132,-639494271
Ireland,1991,-6065209,-639494271
Ireland,1981,-58605044,-639494271
Qatar,2007,104519053,-629264696
Qatar,1997,-705173409,-629264696
Qatar,1993,-9564499,-629264696
Qatar,1988,-9137956,-629264696
Qatar,1995,-346430,-629264696
Qatar,1999,-491169,-629264696
Qatar,1998,-582329,-629264696
Qatar,2000,-673904,-629264696
Qatar,2004,-1458916,-629264696
Qatar,2003,-324759,-629264696
Qatar,1996,-836714,-629264696
Qatar,2001,-771977,-629264696
Qatar,2002,-220245,-629264696
Qatar,1994,-1252342,-629264696
Qatar,1989,-2949100,-629264696
Lithuania,1996,-89026730,-514143270
Lithuania,1995,-83881095,-514143270
Lithuania,1998,-61227246,-514143270
Lithuania,2001,-30635613,-514143270
Lithuania,2003,-33181470,-514143270
Lithuania,2002,-25362242,-514143270
Lithuania,2004,-30341902,-514143270
Lithuania,1999,-12053667,-514143270
Lithuania,2000,-16836580,-514143270
Lithuania,1997,-20435390,-514143270
Lithuania,1994,-28739967,-514143270
Lithuania,1992,-8257205,-514143270
Lithuania,1993,-73709134,-514143270
Lithuania,1991,-455029,-514143270
Greece,2009,2070017,-486710721
Greece,2008,2542149,-486710721
Greece,2007,3082200,-486710721
Greece,2005,3084323,-486710721
Greece,2006,2803352,-486710721
Greece,2004,875060,-486710721
Greece,2003,9823209,-486710721
Greece,2002,3051811,-486710721
Greece,2010,2151692,-486710721
Greece,2011,1740617,-486710721
Greece,2012,1220624,-486710721
Greece,2013,222131,-486710721
Greece,1981,-26046686,-486710721
Greece,1991,-303412067,-486710721
Greece,1988,-37727914,-486710721
Greece,1980,-115371982,-486710721
Greece,1985,-36819257,-486710721
Luxembourg,2009,9324881,-443485810
Luxembourg,2007,8883735,-443485810
Luxembourg,2008,9669591,-443485810
Luxembourg,2006,9045047,-443485810
Luxembourg,2005,13121625,-443485810
Luxembourg,2004,10034092,-443485810
Luxembourg,2001,4867259,-443485810
Luxembourg,2002,-129423862,-443485810
Luxembourg,2003,830472,-443485810
Luxembourg,2010,9812280,-443485810
Luxembourg,2011,9920871,-443485810
Luxembourg,2012,8502699,-443485810
Luxembourg,2013,7645306,-443485810
Luxembourg,1993,-415719806,-443485810
Latvia,1992,-106443347,-423495040
Latvia,1995,-39008900,-423495040
Latvia,1998,-46078691,-423495040
Latvia,2001,-22714406,-423495040
Latvia,2003,-15787761,-423495040
Latvia,2000,-14205663,-423495040
Latvia,2004,-15622106,-423495040
Latvia,2002,-23562554,-423495040
Latvia,1996,-25044880,-423495040
Latvia,1997,-22485213,-423495040
Latvia,1999,-10570801,-423495040
Latvia,1994,-28380386,-423495040
Latvia,1993,-52648796,-423495040
Latvia,1991,-398476,-423495040
Latvia,1990,-543060,-423495040
Estonia,2001,-23859692,-251070561
Estonia,2002,-8009886,-251070561
Estonia,1996,-30942970,-251070561
Estonia,1998,-20250742,-251070561
Estonia,1997,-8307811,-251070561
Estonia,1999,-9201870,-251070561
Estonia,1995,-18418713,-251070561
Estonia,2000,-16010329,-251070561
Estonia,2004,-19139015,-251070561
Estonia,2003,-15925093,-251070561
Estonia,1994,-25652518,-251070561
Estonia,1992,-16023398,-251070561
Estonia,1993,-38337840,-251070561
Estonia,1991,-990684,-251070561
United Arab Emirates,1976,64911546,-232569486
United Arab Emirates,2010,1109303,-232569486
United Arab Emirates,2011,590706,-232569486
United Arab Emirates,2012,1025431,-232569486
United Arab Emirates,1995,-1579978,-232569486
United Arab Emirates,2004,-3451690,-232569486
United Arab Emirates,1997,-1002901,-232569486
United Arab Emirates,1996,-1038083,-232569486
United Arab Emirates,2003,-2325618,-232569486
United Arab Emirates,2001,-2140111,-232569486
United Arab Emirates,1998,-461121,-232569486
United Arab Emirates,1999,-595520,-232569486
United Arab Emirates,2000,-628944,-232569486
United Arab Emirates,2002,-1783343,-232569486
United Arab Emirates,1994,-9485289,-232569486
United Arab Emirates,1985,-136260119,-232569486
United Arab Emirates,1983,-598545,-232569486
United Arab Emirates,1973,-65097,-232569486
United Arab Emirates,1980,-174742,-232569486
United Arab Emirates,1977,-3599299,-232569486
United Arab Emirates,1982,-936588,-232569486
United Arab Emirates,1981,-1813286,-232569486
United Arab Emirates,1984,-505928,-232569486
United Arab Emirates,1987,-131760270,-232569486
Slovenia,2010,135720,-225285172
Slovenia,2013,14308,-225285172
Slovenia,1993,-2609520,-225285172
Slovenia,2008,-105521,-225285172
Slovenia,2007,-105426,-225285172
Slovenia,2006,-74572,-225285172
Slovenia,1998,-8484412,-225285172
Slovenia,2000,-32556545,-225285172
Slovenia,1997,-7858148,-225285172
Slovenia,1995,-7405043,-225285172
Slovenia,2001,-13913044,-225285172
Slovenia,2002,-7663650,-225285172
Slovenia,1999,-12831539,-225285172
Slovenia,1996,-90121406,-225285172
Slovenia,2003,-6291746,-225285172
Slovenia,2004,-12414136,-225285172
Slovenia,1994,-12375582,-225285172
Slovenia,1992,-10624910,-225285172
New Zealand,2009,4720299,-168838425
New Zealand,2002,3965321,-168838425
New Zealand,2003,5429394,-168838425
New Zealand,1995,1551034,-168838425
New Zealand,2006,4390620,-168838425
New Zealand,2007,4179628,-168838425
New Zealand,2004,5342910,-168838425
New Zealand,2005,5156674,-168838425
New Zealand,2008,4836516,-168838425
New Zealand,1981,752775,-168838425
New Zealand,1983,216892,-168838425
New Zealand,1982,-213312242,-168838425
New Zealand,1985,4831732,-168838425
New Zealand,2010,3518946,-168838425
New Zealand,2011,3623798,-168838425
New Zealand,2012,1722664,-168838425
New Zealand,2013,1938330,-168838425
New Zealand,1980,-11703716,-168838425
Australia,2009,17680084,-126001949
Australia,2008,18754564,-126001949
Australia,2004,17256770,-126001949
Australia,2002,-651647741,-126001949
Australia,2007,13864351,-126001949
Australia,2003,94571888,-126001949
Australia,2006,27058214,-126001949
Australia,1998,-73130323,-126001949
Australia,2000,115957719,-126001949
Australia,2005,28927690,-126001949
Australia,2001,99427776,-126001949
Australia,1995,-256495729,-126001949
Australia,1996,80468022,-126001949
Australia,1999,87775767,-126001949
Australia,1997,99085271,-126001949
Australia,1994,-259227185,-126001949
Australia,1980,-31218470,-126001949
Australia,1981,-729222174,-126001949
Australia,1973,46285863,-126001949
Australia,1986,25229662,-126001949
Australia,1988,1758350,-126001949
Australia,1975,77691781,-126001949
Australia,1985,6929573,-126001949
Australia,1990,93432068,-126001949
Australia,1991,518306838,-126001949
Australia,1992,-136174067,-126001949
Australia,1983,7388539,-126001949
Australia,1982,7858925,-126001949
Australia,1977,72648152,-126001949
Australia,1993,-41704432,-126001949
Australia,1984,3698286,-126001949
Australia,1987,18309923,-126001949
Australia,1979,9763598,-126001949
Australia,1978,47483698,-126001949
Australia,1989,163270223,-126001949
Australia,1976,27718070,-126001949
Australia,1974,26950877,-126001949
Australia,2010,32806019,-126001949
Australia,2011,41545539,-126001949
Australia,2012,55649016,-126001949
Australia,2013,67265056,-126001949
Portugal,2009,2079818,-106341740
Portugal,2008,2483117,-106341740
Portugal,2002,7394633,-106341740
Portugal,2007,4973178,-106341740
Portugal,2001,4477740,-106341740
Portugal,2000,2738129,-106341740
Portugal,2005,2827761,-106341740
Portugal,2006,2556983,-106341740
Portugal,2004,2805269,-106341740
Portugal,1999,2099809,-106341740
Portugal,2003,1051124,-106341740
Portugal,1996,331133,-106341740
Portugal,1998,100751,-106341740
Portugal,1997,344667,-106341740
Portugal,2010,9121622,-106341740
Portugal,2011,9036429,-106341740
Portugal,2012,7736231,-106341740
Portugal,2013,6629414,-106341740
Portugal,1980,-4136160,-106341740
Portugal,1981,-144765310,-106341740
Portugal,1984,-1826510,-106341740
Portugal,1988,-2538321,-106341740
Portugal,1986,-21863247,-106341740
Iceland,2012,39083,-17887544
Iceland,2013,133418,-17887544
Iceland,1980,-18060045,-17887544
Liechtenstein,1981,-18065044,-14022383
Liechtenstein,2001,264468,-14022383
Liechtenstein,1982,734297,-14022383
Liechtenstein,1997,104054,-14022383
Liechtenstein,2005,442468,-14022383
Liechtenstein,2004,216815,-14022383
Liechtenstein,2002,137539,-14022383
Liechtenstein,2006,121077,-14022383
Liechtenstein,2000,380208,-14022383
Liechtenstein,1998,98845,-14022383
Liechtenstein,2008,71478,-14022383
Liechtenstein,1996,141858,-14022383
Liechtenstein,1990,299897,-14022383
Liechtenstein,1993,124845,-14022383
Liechtenstein,1994,86232,-14022383
Liechtenstein,2003,544967,-14022383
Liechtenstein,2007,199170,-14022383
Liechtenstein,1983,63282,-14022383
Liechtenstein,1989,11161,-14022383
Monaco,2007,264319,941387
Monaco,2008,557753,941387
Monaco,2006,119315,941387
Austria,2009,7871776,13801533
Austria,2004,46226742,13801533
Austria,2008,6949094,13801533
Austria,2006,8003253,13801533
Austria,1998,17433736,13801533
Austria,2005,17743081,13801533
Austria,1997,18810672,13801533
Austria,2003,57940744,13801533
Austria,2007,11550522,13801533
Austria,1996,31429517,13801533
Austria,2001,-107064953,13801533
Austria,1999,27735866,13801533
Austria,2000,41623882,13801533
Austria,2002,-185292701,13801533
Austria,1995,2349112,13801533
Austria,1989,18299145,13801533
Austria,1974,24126329,13801533
Austria,1991,43662774,13801533
Austria,1979,2480539,13801533
Austria,1990,3458667,13801533
Austria,1985,87348212,13801533
Austria,1978,27058314,13801533
Austria,1987,77374,13801533
Austria,1992,7690278,13801533
Austria,1981,53258611,13801533
Austria,1977,2608725,13801533
Austria,1994,496076,13801533
Austria,1993,-123971486,13801533
Austria,1986,15801537,13801533
Austria,1980,-154911688,13801533
Austria,1988,400964,13801533
Austria,1976,12981849,13801533
Austria,1982,-58318503,13801533
Austria,1983,17235616,13801533
Austria,2010,8224524,13801533
Austria,2011,5945013,13801533
Austria,2012,9369281,13801533
Austria,2013,7169039,13801533
Finland,2009,64703548,485257922
Finland,2008,39238852,485257922
Finland,2005,50908114,485257922
Finland,2006,25383076,485257922
Finland,1996,20289146,485257922
Finland,2007,19522990,485257922
Finland,1997,28181494,485257922
Finland,2001,17586870,485257922
Finland,2002,35865984,485257922
Finland,2003,19462895,485257922
Finland,2000,23911436,485257922
Finland,2004,23784055,485257922
Finland,1998,10099793,485257922
Finland,1999,17111953,485257922
Finland,1995,20700602,485257922
Finland,1993,15643128,485257922
Finland,1983,-67021408,485257922
Finland,1994,30027227,485257922
Finland,1992,69776266,485257922
Finland,1990,4220992,485257922
Finland,1991,30659992,485257922
Finland,1989,16608550,485257922
Finland,1988,447649,485257922
Finland,1987,1482877,485257922
Finland,2010,20238960,485257922
Finland,2011,34660814,485257922
Finland,2012,7911710,485257922
Finland,2013,13933712,485257922
Finland,1984,-26553629,485257922
Finland,1986,-83529726,485257922
Italy,2009,53936210,1434829557
Italy,2005,69732388,1434829557
Italy,2007,33580751,1434829557
Italy,2008,38676392,1434829557
Italy,2003,15547010,1434829557
Italy,2000,34785553,1434829557
Italy,1999,23505452,1434829557
Italy,2004,65385193,1434829557
Italy,2006,28923679,1434829557
Italy,1998,24433295,1434829557
Italy,2002,31576918,1434829557
Italy,1997,11342151,1434829557
Italy,2001,61884442,1434829557
Italy,1996,26143275,1434829557
Italy,1995,1397467126,1434829557
Italy,1994,-499186454,1434829557
Italy,1991,138712028,1434829557
Italy,1988,116403581,1434829557
Italy,1990,136489843,1434829557
Italy,1992,170049742,1434829557
Italy,1989,112626078,1434829557
Italy,1984,-326161771,1434829557
Italy,1987,282071099,1434829557
Italy,1993,-153045797,1434829557
Italy,1973,166719069,1434829557
Italy,1985,164182162,1434829557
Italy,1986,48874532,1434829557
Italy,1983,-114082082,1434829557
Italy,1976,35601469,1434829557
Italy,2010,40421158,1434829557
Italy,2011,49349085,1434829557
Italy,2012,23960216,1434829557
Italy,2013,23679747,1434829557
Italy,1980,-894504816,1434829557
Italy,1981,-3585196,1434829557
Italy,1982,-663971,1434829557
Spain,2009,238613474,1452984096
Spain,2006,102707597,1452984096
Spain,2005,81547019,1452984096
Spain,2007,118856065,1452984096
Spain,2001,71240556,1452984096
Spain,1998,56295291,1452984096
Spain,2002,76217540,1452984096
Spain,2008,152422527,1452984096
Spain,2004,62843645,1452984096
Spain,2003,134313618,1452984096
Spain,1997,61562728,1452984096
Spain,2000,59684269,1452984096
Spain,1999,79380361,1452984096
Spain,1996,41887270,1452984096
Spain,1995,24737384,1452984096
Spain,1991,134873730,1452984096
Spain,1989,100535177,1452984096
Spain,1993,36693281,1452984096
Spain,1990,33912950,1452984096
Spain,1994,6797785,1452984096
Spain,2010,128037041,1452984096
Spain,2011,100140152,1452984096
Spain,2012,55560499,1452984096
Spain,2013,55835945,1452984096
Spain,1980,-285026867,1452984096
Spain,1981,-199457361,1452984096
Spain,1982,-77227580,1452984096
Belgium,2009,42809116,1960099037
Belgium,1995,45999593,1960099037
Belgium,2005,48285276,1960099037
Belgium,2000,32342289,1960099037
Belgium,2007,33187081,1960099037
Belgium,2003,58875247,1960099037
Belgium,2001,31859079,1960099037
Belgium,1998,25116690,1960099037
Belgium,2002,63495593,1960099037
Belgium,2008,53059381,1960099037
Belgium,1997,35402467,1960099037
Belgium,2006,58458568,1960099037
Belgium,2004,52561101,1960099037
Belgium,1996,25987887,1960099037
Belgium,1999,30505209,1960099037
Belgium,1994,26867841,1960099037
Belgium,1979,30801519,1960099037
Belgium,1990,187058124,1960099037
Belgium,1992,470688315,1960099037
Belgium,1973,39251336,1960099037
Belgium,1985,4191839,1960099037
Belgium,1993,75567601,1960099037
Belgium,1983,46243316,1960099037
Belgium,1981,25440169,1960099037
Belgium,1975,38863307,1960099037
Belgium,1976,36126619,1960099037
Belgium,1989,183930257,1960099037
Belgium,1977,35853879,1960099037
Belgium,1974,43588598,1960099037
Belgium,1978,32189217,1960099037
Belgium,2010,41446751,1960099037
Belgium,2011,47828984,1960099037
Belgium,2012,35767940,1960099037
Belgium,2013,68317348,1960099037
Belgium,1980,-147868500,1960099037
Denmark,2009,6819444,2786105819
Denmark,2008,16290834,2786105819
Denmark,1995,73451287,2786105819
Denmark,1997,79381953,2786105819
Denmark,2003,57028037,2786105819
Denmark,2001,77063923,2786105819
Denmark,1999,75309242,2786105819
Denmark,2007,21329239,2786105819
Denmark,2006,10170167,2786105819
Denmark,1998,15650457,2786105819
Denmark,2005,125145775,2786105819
Denmark,1996,244013860,2786105819
Denmark,2004,25482007,2786105819
Denmark,2002,91324907,2786105819
Denmark,2000,37463179,2786105819
Denmark,1993,67062860,2786105819
Denmark,1994,110637370,2786105819
Denmark,1980,-7702955,2786105819
Denmark,1981,215721283,2786105819
Denmark,1989,133430275,2786105819
Denmark,1975,10392556,2786105819
Denmark,1984,69039945,2786105819
Denmark,1992,40778102,2786105819
Denmark,1986,110720962,2786105819
Denmark,1990,58616306,2786105819
Denmark,1991,80582842,2786105819
Denmark,1983,84368125,2786105819
Denmark,1974,56839286,2786105819
Denmark,1982,122090821,2786105819
Denmark,1976,28849377,2786105819
Denmark,1987,149837777,2786105819
Denmark,1985,154044569,2786105819
Denmark,1988,119577810,2786105819
Denmark,1978,2086036,2786105819
Denmark,1977,112241594,2786105819
Denmark,1979,35943903,2786105819
Denmark,2010,21438651,2786105819
Denmark,2011,33654018,2786105819
Denmark,2012,14988225,2786105819
Denmark,2013,4941770,2786105819
Switzerland,2009,53471939,2843761170
Switzerland,2004,61749696,2843761170
Switzerland,2005,70799346,2843761170
Switzerland,1998,70204297,2843761170
Switzerland,2002,127911465,2843761170
Switzerland,2008,39324550,2843761170
Switzerland,1996,63515858,2843761170
Switzerland,2003,65820570,2843761170
Switzerland,1997,101719058,2843761170
Switzerland,2006,43757262,2843761170
Switzerland,2000,128961864,2843761170
Switzerland,2007,51309531,2843761170
Switzerland,2001,93682742,2843761170
Switzerland,1999,104482040,2843761170
Switzerland,1995,37875588,2843761170
Switzerland,1976,43577287,2843761170
Switzerland,1991,157754122,2843761170
Switzerland,1977,111194695,2843761170
Switzerland,1975,103204755,2843761170
Switzerland,1986,35598036,2843761170
Switzerland,1979,67821487,2843761170
Switzerland,1982,63684924,2843761170
Switzerland,1984,116248354,2843761170
Switzerland,1985,52165585,2843761170
Switzerland,1978,35883359,2843761170
Switzerland,1974,64549529,2843761170
Switzerland,1990,123834846,2843761170
Switzerland,1992,31332667,2843761170
Switzerland,1993,43709522,2843761170
Switzerland,1983,190427090,2843761170
Switzerland,1987,87982342,2843761170
Switzerland,1989,75386666,2843761170
Switzerland,1980,10028652,2843761170
Switzerland,1981,18045799,2843761170
Switzerland,1994,40395940,2843761170
Switzerland,1988,32738889,2843761170
Switzerland,1973,14060941,2843761170
Switzerland,2010,53676771,2843761170
Switzerland,2011,39344798,2843761170
Switzerland,2012,41783411,2843761170
Switzerland,2013,74744897,2843761170
Canada,2009,74116591,3397685234
Canada,1996,240599471,3397685234
Canada,2002,-345356215,3397685234
Canada,2004,172189837,3397685234
Canada,2005,66617166,3397685234
Canada,2000,356912625,3397685234
Canada,2003,154336187,3397685234
Canada,1999,434102951,3397685234
Canada,2008,75809621,3397685234
Canada,1995,140853583,3397685234
Canada,1998,385748294,3397685234
Canada,1997,114731583,3397685234
Canada,2006,60308595,3397685234
Canada,2007,62686742,3397685234
Canada,2001,349119993,3397685234
Canada,1985,146523445,3397685234
Canada,1988,149433255,3397685234
Canada,1990,146349000,3397685234
Canada,1987,331152346,3397685234
Canada,1983,148016945,3397685234
Canada,1980,-392410890,3397685234
Canada,1982,-82237660,3397685234
Canada,1984,538313789,3397685234
Canada,1977,38957778,3397685234
Canada,1986,392105553,3397685234
Canada,1993,45197662,3397685234
Canada,1978,100516271,3397685234
Canada,1973,437928427,3397685234
Canada,1976,116287322,3397685234
Canada,1989,93899695,3397685234
Canada,1992,203523019,3397685234
Canada,1994,83435990,3397685234
Canada,1979,80241209,3397685234
Canada,1981,-1993435063,3397685234
Canada,1974,68502158,3397685234
Canada,1991,79132048,3397685234
Canada,1975,93027681,3397685234
Canada,2010,66543586,3397685234
Canada,2011,49798170,3397685234
Canada,2012,59322273,3397685234
Canada,2013,54784201,3397685234
Norway,2009,237828698,4048812437
Norway,1999,92238378,4048812437
Norway,1996,66497399,4048812437
Norway,2006,324841794,4048812437
Norway,2004,41531404,4048812437
Norway,2005,83655835,4048812437
Norway,2000,127714893,4048812437
Norway,2001,209376138,4048812437
Norway,1998,57457846,4048812437
Norway,1995,73931976,4048812437
Norway,2002,73856084,4048812437
Norway,2003,38448603,4048812437
Norway,2007,116693404,4048812437
Norway,2008,58648457,4048812437
Norway,1997,71998190,4048812437
Norway,1989,51903997,4048812437
Norway,1981,-79811922,4048812437
Norway,1985,85932533,4048812437
Norway,1986,9848663,4048812437
Norway,1979,140327273,4048812437
Norway,1994,126824955,4048812437
Norway,1993,5761527,4048812437
Norway,1977,60133610,4048812437
Norway,1984,101664449,4048812437
Norway,1982,47037386,4048812437
Norway,1987,244641035,4048812437
Norway,1975,64575343,4048812437
Norway,1988,20840875,4048812437
Norway,1990,22442656,4048812437
Norway,1976,10419282,4048812437
Norway,1980,-1987036,4048812437
Norway,1991,58788041,4048812437
Norway,1973,35874848,4048812437
Norway,1978,147255461,4048812437
Norway,1992,-22550541,4048812437
Norway,1974,94887523,4048812437
Norway,2010,323665853,4048812437
Norway,2011,268584661,4048812437
Norway,2012,262015590,4048812437
Norway,2013,295017276,4048812437
Sweden,2009,76554392,6304288721
Sweden,2008,40720968,6304288721
Sweden,1997,126686840,6304288721
Sweden,1998,117646650,6304288721
Sweden,1999,121378837,6304288721
Sweden,2005,89823816,6304288721
Sweden,1995,233739645,6304288721
Sweden,2000,68464897,6304288721
Sweden,2001,95729319,6304288721
Sweden,2006,48832575,6304288721
Sweden,2007,45890520,6304288721
Sweden,2002,48750953,6304288721
Sweden,1996,142391886,6304288721
Sweden,2004,58723484,6304288721
Sweden,2003,109071656,6304288721
Sweden,1994,171450490,6304288721
Sweden,1992,272478628,6304288721
Sweden,1983,136226862,6304288721
Sweden,1993,117438835,6304288721
Sweden,1986,198445181,6304288721
Sweden,1981,127064537,6304288721
Sweden,1977,143468255,6304288721
Sweden,1985,123903610,6304288721
Sweden,1982,147903816,6304288721
Sweden,1989,946284591,6304288721
Sweden,1990,400387605,6304288721
Sweden,1991,173278658,6304288721
Sweden,1984,133481767,6304288721
Sweden,1974,30299330,6304288721
Sweden,1976,151806434,6304288721
Sweden,1978,472112462,6304288721
Sweden,1979,253701905,6304288721
Sweden,1973,168369255,6304288721
Sweden,1987,72374249,6304288721
Sweden,1988,185535976,6304288721
Sweden,1980,-24603423,6304288721
Sweden,1975,201059589,6304288721
Sweden,2010,94790240,6304288721
Sweden,2011,57386226,6304288721
Sweden,2012,42966784,6304288721
Sweden,2013,82270421,6304288721
Netherlands,2009,107803997,8939647189
Netherlands,1998,127981057,8939647189
Netherlands,2003,212985661,8939647189
Netherlands,1997,166669840,8939647189
Netherlands,2001,416890876,8939647189
Netherlands,2002,452558367,8939647189
Netherlands,2004,91745692,8939647189
Netherlands,1996,328972856,8939647189
Netherlands,2000,106331706,8939647189
Netherlands,2007,121033675,8939647189
Netherlands,2006,98616009,8939647189
Netherlands,1995,284400704,8939647189
Netherlands,2005,233003711,8939647189
Netherlands,1999,55292716,8939647189
Netherlands,2008,69615673,8939647189
Netherlands,1994,269718206,8939647189
Netherlands,1992,269752132,8939647189
Netherlands,1981,270695825,8939647189
Netherlands,1993,213700000,8939647189
Netherlands,1984,192857428,8939647189
Netherlands,1990,207980200,8939647189
Netherlands,1977,352515092,8939647189
Netherlands,1991,233871628,8939647189
Netherlands,1989,472821276,8939647189
Netherlands,1979,82256186,8939647189
Netherlands,1980,352628199,8939647189
Netherlands,1985,75285016,8939647189
Netherlands,1986,379878579,8939647189
Netherlands,1983,305883422,8939647189
Netherlands,1976,426349160,8939647189
Netherlands,1987,573020364,8939647189
Netherlands,1988,277081548,8939647189
Netherlands,1982,163308875,8939647189
Netherlands,1975,130708382,8939647189
Netherlands,1974,323468392,8939647189
Netherlands,1978,231844808,8939647189
Netherlands,1973,162750945,8939647189
Netherlands,2010,55471821,8939647189
Netherlands,2011,19530662,8939647189
Netherlands,2012,11311438,8939647189
Netherlands,2013,11055065,8939647189
France,2009,443827383,15218918781
France,1999,195502185,15218918781
France,2001,621418995,15218918781
France,2004,596317633,15218918781
France,1996,310518112,15218918781
France,2006,464260209,15218918781
France,2003,507020648,15218918781
France,2005,275332592,15218918781
France,1998,218643543,15218918781
France,2000,526519855,15218918781
France,2002,534709591,15218918781
France,2008,246959951,15218918781
France,1997,181377579,15218918781
France,1995,184288339,15218918781
France,2007,401771684,15218918781
France,1994,242597753,15218918781
France,1991,75995551,15218918781
France,1990,586988135,15218918781
France,1992,220827059,15218918781
France,1981,156535931,15218918781
France,1982,446543740,15218918781
France,1989,469783071,15218918781
France,1985,212486003,15218918781
France,1993,246959806,15218918781
France,1984,367362828,15218918781
France,1975,192416969,15218918781
France,1978,97437457,15218918781
France,1980,243713422,15218918781
France,1988,274040470,15218918781
France,1977,168900067,15218918781
France,1974,367384662,15218918781
France,1983,164059809,15218918781
France,1973,247189555,15218918781
France,1976,183658423,15218918781
France,1979,25058027,15218918781
France,1987,254311333,15218918781
France,1986,296394154,15218918781
France,2010,479271279,15218918781
France,2011,385580197,15218918781
France,2012,1857862442,15218918781
France,2013,1247092339,15218918781
United Kingdom,2009,979674038,22733195412
United Kingdom,1998,703712023,22733195412
United Kingdom,2007,1019400656,22733195412
United Kingdom,2002,650113998,22733195412
United Kingdom,2001,687651442,22733195412
United Kingdom,2000,725259608,22733195412
United Kingdom,1995,385163028,22733195412
United Kingdom,2006,800914880,22733195412
United Kingdom,2003,838243526,22733195412
United Kingdom,2008,788164298,22733195412
United Kingdom,1996,934520515,22733195412
United Kingdom,1999,847273116,22733195412
United Kingdom,1997,734365792,22733195412
United Kingdom,2004,879595860,22733195412
United Kingdom,2005,822343669,22733195412
United Kingdom,1992,1055458482,22733195412
United Kingdom,1987,829894066,22733195412
United Kingdom,1994,297003626,22733195412
United Kingdom,1977,860011341,22733195412
United Kingdom,1974,1405378815,22733195412
United Kingdom,1978,971709388,22733195412
United Kingdom,1990,270402953,22733195412
United Kingdom,1991,270595943,22733195412
United Kingdom,1993,407941751,22733195412
United Kingdom,1979,5012313,22733195412
United Kingdom,1984,753538727,22733195412
United Kingdom,1973,442579189,22733195412
United Kingdom,1980,168108919,22733195412
United Kingdom,1982,775334730,22733195412
United Kingdom,1985,1255318,22733195412
United Kingdom,1975,222187891,22733195412
United Kingdom,1976,51613566,22733195412
United Kingdom,1988,80251575,22733195412
United Kingdom,1989,269229353,22733195412
United Kingdom,1981,-550943311,22733195412
United Kingdom,1983,571679920,22733195412
United Kingdom,1986,227395004,22733195412
United Kingdom,2010,435982774,22733195412
United Kingdom,2011,238230871,22733195412
United Kingdom,2012,386497679,22733195412
United Kingdom,2013,490448080,22733195412
Germany,2009,1270803240,47218378657
Germany,2008,1168597647,47218378657
Germany,2005,846945037,47218378657
Germany,2003,717917759,47218378657
Germany,2004,757827603,47218378657
Germany,2002,744664103,47218378657
Germany,2007,977541315,47218378657
Germany,1995,3308855279,47218378657
Germany,2001,891724108,47218378657
Germany,2006,664320505,47218378657
Germany,2000,350983095,47218378657
Germany,1999,530422355,47218378657
Germany,1998,323280491,47218378657
Germany,1997,782428714,47218378657
Germany,1996,474378180,47218378657
Germany,1982,853843929,47218378657
Germany,1983,494657126,47218378657
Germany,1985,1590619838,47218378657
Germany,1980,654031054,47218378657
Germany,1990,3382157543,47218378657
Germany,1992,8552232648,47218378657
Germany,1991,323668836,47218378657
Germany,1977,617148856,47218378657
Germany,1986,539033266,47218378657
Germany,1973,562232384,47218378657
Germany,1988,757183394,47218378657
Germany,1981,751727169,47218378657
Germany,1989,3020847013,47218378657
Germany,1975,833859928,47218378657
Germany,1976,639963734,47218378657
Germany,1987,788040730,47218378657
Germany,1979,787807347,47218378657
Germany,1984,950183614,47218378657
Germany,1978,410412482,47218378657
Germany,1974,698168091,47218378657
Germany,1993,450749201,47218378657
Germany,1994,380199578,47218378657
Germany,2010,866568253,47218378657
Germany,2011,1400378605,47218378657
Germany,2012,1519377935,47218378657
Germany,2013,1582596672,47218378657
Japan,2009,2645297987,1.12101E+11
Japan,2004,2545515962,1.12101E+11
Japan,2003,2147321397,1.12101E+11
Japan,2006,2542330417,1.12101E+11
Japan,2005,2566817614,1.12101E+11
Japan,2007,3544215397,1.12101E+11
Japan,1997,10777668538,1.12101E+11
Japan,2000,1310812373,1.12101E+11
Japan,1999,8353255750,1.12101E+11
Japan,2002,2561928262,1.12101E+11
Japan,2008,4531094069,1.12101E+11
Japan,1995,2880751774,1.12101E+11
Japan,1998,4486462107,1.12101E+11
Japan,1996,3905453074,1.12101E+11
Japan,2001,1017504389,1.12101E+11
Japan,1973,938965880,1.12101E+11
Japan,1978,1429326640,1.12101E+11
Japan,1985,2255951382,1.12101E+11
Japan,1988,3320238368,1.12101E+11
Japan,1993,2494054534,1.12101E+11
Japan,1986,1211102769,1.12101E+11
Japan,1979,1014747194,1.12101E+11
Japan,1977,1479116934,1.12101E+11
Japan,1991,4702296751,1.12101E+11
Japan,1981,2488336515,1.12101E+11
Japan,1984,2398904927,1.12101E+11
Japan,1976,762168614,1.12101E+11
Japan,1994,2667081144,1.12101E+11
Japan,1990,2604458951,1.12101E+11
Japan,1982,1471338041,1.12101E+11
Japan,1992,2865776832,1.12101E+11
Japan,1983,1760860027,1.12101E+11
Japan,1989,582793544,1.12101E+11
Japan,1975,1339039677,1.12101E+11
Japan,1980,1561606522,1.12101E+11
Japan,1987,1245051405,1.12101E+11
Japan,1974,2730202327,1.12101E+11
Japan,2010,3428071506,1.12101E+11
Japan,2011,2635586602,1.12101E+11
Japan,2012,4256445621,1.12101E+11
Japan,2013,2641200097,1.12101E+11
United States,1998,2460766389,1.16072E+11
United States,1980,6864224034,1.16072E+11
United States,1989,1065107732,1.16072E+11
United States,2002,4549554512,1.16072E+11
United States,1990,1722305682,1.16072E+11
United States,1993,4501838784,1.16072E+11
United States,1997,3423306503,1.16072E+11
United States,1982,3462490652,1.16072E+11
United States,1992,11399278504,1.16072E+11
United States,1994,8154319014,1.16072E+11
United States,1995,3392574370,1.16072E+11
United States,1984,2515278485,1.16072E+11
United States,1981,8124423748,1.16072E+11
United States,1985,2735617446,1.16072E+11
United States,1986,1334668057,1.16072E+11
United States,1987,1846214071,1.16072E+11
United States,1991,2887003516,1.16072E+11
United States,1983,1091122225,1.16072E+11
United States,1988,1051167154,1.16072E+11
United States,1996,4595800488,1.16072E+11
United States,2001,4136147099,1.16072E+11
United States,2000,6008166308,1.16072E+11
United States,1999,7962084321,1.16072E+11
United States,2009,1695864746,1.16072E+11
United States,2004,1328167876,1.16072E+11
United States,2007,1006928274,1.16072E+11
United States,2008,1715189257,1.16072E+11
United States,2006,1935937419,1.16072E+11
United States,2005,1350566958,1.16072E+11
United States,2003,1258474359,1.16072E+11
United States,1975,944272511,1.16072E+11
United States,1973,1553264205,1.16072E+11
United States,1974,871092243,1.16072E+11
United States,1976,897290248,1.16072E+11
United States,1977,246198361,1.16072E+11
United States,1978,438452911,1.16072E+11
United States,1979,717779582,1.16072E+11
United States,2010,1517053044,1.16072E+11
United States,2011,1158991620,1.16072E+11
United States,2012,1093496899,1.16072E+11
United States,2013,1059333467,1.16072E+11
